,precision,recall,f1-score,support
Cloudy,0.8155619596541787,0.8575757575757575,0.8360413589364845,330.0
Rainy,0.858433734939759,0.8636363636363636,0.8610271903323263,330.0
Snowy,0.9063444108761329,0.9090909090909091,0.9077155824508321,330.0
Sunny,0.9225806451612903,0.8666666666666667,0.89375,330.0
accuracy,0.8742424242424243,0.8742424242424243,0.8742424242424243,0.8742424242424243
macro avg,0.8757301876578403,0.8742424242424243,0.8746335329299106,1320.0
weighted avg,0.8757301876578402,0.8742424242424243,0.8746335329299106,1320.0
