,precision,recall,f1-score,support
Cloudy,0.875,0.9121212121212121,0.8931750741839762,330.0
Rainy,0.9024390243902439,0.896969696969697,0.8996960486322189,330.0
Snowy,0.9439252336448598,0.9181818181818182,0.9308755760368663,330.0
Sunny,0.9327217125382263,0.9242424242424242,0.928462709284627,330.0
accuracy,0.9128787878787878,0.9128787878787878,0.9128787878787878,0.9128787878787878
macro avg,0.9135214926433326,0.912878787878788,0.9130523520344221,1320.0
weighted avg,0.9135214926433324,0.9128787878787878,0.9130523520344221,1320.0
