,Logistic Regression,SVM (RBF),XGBoost
Cloudy,0.8360413589364845,0.8931750741839762,0.8964497041420119
Rainy,0.8610271903323263,0.8996960486322189,0.9162861491628614
Snowy,0.907715582450832,0.9308755760368664,0.9364341085271318
Sunny,0.89375,0.928462709284627,0.9305135951661632
