,precision,recall,f1-score,support
Cloudy,0.8757225433526011,0.9181818181818182,0.8964497041420119,330.0
Rainy,0.9204892966360856,0.9121212121212121,0.9162861491628614,330.0
Snowy,0.9587301587301588,0.9151515151515152,0.9364341085271318,330.0
Sunny,0.927710843373494,0.9333333333333333,0.9305135951661632,330.0
accuracy,0.9196969696969697,0.9196969696969697,0.9196969696969697,0.9196969696969697
macro avg,0.9206632105230849,0.9196969696969697,0.9199208892495421,1320.0
weighted avg,0.9206632105230849,0.9196969696969697,0.9199208892495421,1320.0
